Title,Links,Publication Date
Политика,https://www.rbc.ru/rbcfreenews/63d892f99a79474dd0aab0a8,"Tue, 31 Jan 2023 22:51:44 +0300"
Политика,https://www.rbc.ru/rbcfreenews/63d77a789a79477dedf74fbe,"Tue, 31 Jan 2023 22:49:00 +0300"
Политика,https://www.rbc.ru/politics/31/01/2023/62074b119a7947b0e49b36f7,"Tue, 31 Jan 2023 22:34:34 +0300"
Политика,https://www.rbc.ru/society/19/01/2023/63c9066e9a794784f21383c2,"Tue, 31 Jan 2023 22:20:52 +0300"
Политика,https://www.rbc.ru/rbcfreenews/63d8c6e69a7947609344d1e3,"Tue, 31 Jan 2023 22:08:59 +0300"
Политика,https://www.rbc.ru/textonlines/31/01/2023/6216fb4d9a79474dc80e8821,"Tue, 31 Jan 2023 21:36:26 +0300"
Политика,https://www.rbc.ru/rbcfreenews/63bd0f2e9a79470b14887a8d,"Tue, 31 Jan 2023 21:29:04 +0300"
Политика,https://www.rbc.ru/politics/12/02/2022/62072df69a7947ab96a44e24,"Tue, 31 Jan 2023 21:18:34 +0300"
Политика,https://www.rbc.ru/rbcfreenews/63d0ce669a79472f768f27cc,"Tue, 31 Jan 2023 21:07:15 +0300"
Политика,https://www.rbc.ru/business/31/12/2022/63b05bd49a794764457ee43a,"Tue, 31 Jan 2023 20:53:28 +0300"
Политика,https://www.rbc.ru/politics/30/01/2023/63d7aabf9a79470c592fe6b2,"Tue, 31 Jan 2023 20:52:38 +0300"
Общество,https://www.rbc.ru/politics/11/07/2022/62cc14759a79473bca5dda78,"Tue, 31 Jan 2023 20:41:57 +0300"
Политика,https://www.rbc.ru/rbcfreenews/638627fb9a79473be3efb934,"Tue, 31 Jan 2023 20:35:25 +0300"
Политика,https://www.rbc.ru/politics/29/01/2023/63d5aa499a794713d4e22052,"Tue, 31 Jan 2023 20:23:13 +0300"
Политика,https://www.rbc.ru/rbcfreenews/63ce5f6c9a7947704c22dfbe,"Tue, 31 Jan 2023 20:16:35 +0300"
Экономика,https://www.rbc.ru/rbcfreenews/638a14289a79477cd461e497,"Tue, 31 Jan 2023 20:07:08 +0300"
Бизнес,https://www.rbc.ru/technology_and_media/16/01/2023/63c13eb69a7947688f6bea0a,"Tue, 31 Jan 2023 19:46:27 +0300"
Бизнес,https://www.rbc.ru/finances/21/10/2022/63513ef09a79477c11a10cbb,"Tue, 31 Jan 2023 19:46:17 +0300"
Бизнес,https://www.rbc.ru/rbcfreenews/63c124899a79475adbf24755,"Tue, 31 Jan 2023 19:45:06 +0300"
Политика,https://www.rbc.ru/politics/31/01/2023/63d901729a79477b08c6498e,"Tue, 31 Jan 2023 19:30:32 +0300"
Общество,https://www.rbc.ru/rbcfreenews/63d9388e9a7947958da65c91,"Tue, 31 Jan 2023 19:29:26 +0300"
Политика,https://www.rbc.ru/rbcfreenews/63d411009a7947c104688ce3,"Tue, 31 Jan 2023 19:08:38 +0300"
Политика,https://www.rbc.ru/rbcfreenews/63c8f6989a79477f6416af97,"Tue, 31 Jan 2023 19:00:50 +0300"
Общество,https://www.rbc.ru/rbcfreenews/6368df889a7947d9d2e3712a,"Tue, 31 Jan 2023 18:59:47 +0300"
Политика,https://www.rbc.ru/politics/30/01/2023/63d7e2039a79472331eb124d,"Tue, 31 Jan 2023 18:48:01 +0300"
Общество,https://www.rbc.ru/rbcfreenews/63d8a2be9a79475138db74d4,"Tue, 31 Jan 2023 18:41:16 +0300"
Политика,https://www.rbc.ru/rbcfreenews/63d3c8139a7947a562c2aa6e,"Tue, 31 Jan 2023 18:37:15 +0300"
Бизнес,https://www.rbc.ru/rbcfreenews/63d8f5a99a794775406e8129,"Tue, 31 Jan 2023 18:22:28 +0300"
Общество,https://www.rbc.ru/society/05/01/2023/63b6f2ea9a79472cdbed95f1,"Tue, 31 Jan 2023 18:09:54 +0300"
Экономика,https://www.rbc.ru/finances/31/01/2023/63d889c29a79474c968d4536,"Tue, 31 Jan 2023 18:06:06 +0300"
